ATLAS Name,RA (degrees),Dec (degrees),A_g,A_r,A_i
ATLAS19tgt,69.726359,18.836167,1.2227,0.8459,0.6286
ATLAS19thw,346.829519,13.855958,0.641,0.4435,0.3295
ATLAS19tjc,304.98819,15.377529,0.5427,0.3754,0.279
ATLAS19tju,62.577988,13.404132,1.3893,0.9611,0.7142
ATLAS19tva,267.803228,51.382531,0.1402,0.097,0.0721
ATLAS19tws,54.723691,66.295068,4.0187,2.7801,2.0659
ATLAS19txb,327.658138,36.456983,0.8647,0.5982,0.4445
ATLAS19ufz,77.905205,67.496015,0.4419,0.3057,0.2272
