ATLAS Name,RA (degrees),Dec (degrees)
ATLAS19tgt,69.726359,18.836167
ATLAS19thw,346.829519,13.855958
ATLAS19tjc,304.98819,15.377529
ATLAS19tju,62.577988,13.404132
ATLAS19tva,267.803228,51.382531
ATLAS19tws,54.723691,66.295068
ATLAS19txb,327.658138,36.456983
ATLAS19ufz,77.905205,67.496015